[{"order_item_id":1, "discount":15.0, "ordered_product_price":424.15, "quantity":1, "order_id":1, "product_id":102},
 {"order_item_id":2, "discount":10.0, "ordered_product_price":81.0, "quantity":1, "order_id":1, "product_id":52},
 {"order_item_id":3, "discount":15.0, "ordered_product_price":424.15, "quantity":1, "order_id":5, "product_id":102},
 {"order_item_id":4, "discount":10.0, "ordered_product_price":81.0, "quantity":1, "order_id":5, "product_id":52},
 {"order_item_id":5, "discount":15.0, "ordered_product_price":424.15, "quantity":1, "order_id":6, "product_id":102},
 {"order_item_id":6, "discount":10.0, "ordered_product_price":81.0, "quantity":1, "order_id":6, "product_id":52},
 {"order_item_id":7, "discount":15.0, "ordered_product_price":424.15, "quantity":1, "order_id":9, "product_id":102},
 {"order_item_id":8, "discount":10.0, "ordered_product_price":81.0, "quantity":1, "order_id":9, "product_id":52}]